"a.accusantium@example.org","199","secret"
"adipisci.eius@example.org","61","secret"
"alias_consequatur@example.com","165","secret"
"aomnis@example.com","110","secret"
"aut_natus@example.com","47","secret"
"aut_sed@example.org","84","secret"
"aut.enim@example.net","44","secret"
"blanditiis02@example.net","56","secret"
"commodi53@example.org","11","secret"
"consectetur_esse@example.net","150","secret"
"corrupti.ea@example.com","64","secret"
"daperiam@example.com","31","secret"
"dfacilis@example.org","163","secret"
"distinctio_ullam@example.net","185","secret"
"dolore_mollitia@example.org","112","secret"
"eaque.eum@example.org","79","secret"
"eius.optio@example.net","2","secret"
"enim.ullam@example.org","147","secret"
"eperspiciatis@example.com","119","secret"
"et.asperiores@example.com","39","secret"
"et.assumenda@example.org","198","secret"
"et.impedit@example.com","117","secret"
"eum_accusamus@example.net","188","secret"
"eveniet_fugiat@example.org","55","secret"
"eveniet_quia@example.org","209","secret"
"explicabo79@example.org","134","secret"
"fuga33@example.org","77","secret"
"fugiat75@example.org","33","secret"
"gquia@example.com","75","secret"
"hic32@example.net","176","secret"
"illum_qui@example.com","124","secret"
"impedit_occaecati@example.com","152","secret"
"incidunt81@example.com","12","secret"
"ipsa65@example.net","73","secret"
"iste_est@example.net","25","secret"
"iure06@example.net","131","secret"
"jdolores@example.net","182","secret"
"ksint@example.org","28","secret"
"labore.molestiae@example.net","76","secret"
"libero63@example.net","72","secret"
"lmodi@example.org","97","secret"
"magnam84@example.com","53","secret"
"mfugit@example.org","62","secret"
"minus15@example.org","144","secret"
"nam.exercitationem@example.net","137","secret"
"necessitatibus_et@example.com","155","secret"
"necessitatibus.eveniet@example.org","67","secret"
"nex@example.net","196","secret"
"nihil_sed@example.org","106","secret"
"nisi_dolorum@example.com","54","secret"
"non_ratione@example.net","193","secret"
"officiis78@example.org","103","secret"
"optio.adipisci@example.org","115","secret"
"perferendis.aspernatur@example.com","8","secret"
"placeat.omnis@example.com","127","secret"
"pqui@example.com","13","secret"
"pquia@example.com","23","secret"
"praesentium_rerum@example.org","120","secret"
"pvelit@example.org","15","secret"
"pvoluptatem@example.com","187","secret"
"qea@example.com","189","secret"
"qlabore@example.com","36","secret"
"qqui@example.org","74","secret"
"quam59@example.com","173","secret"
"quas_accusantium@example.com","41","secret"
"quia.itaque@example.org","18","secret"
"quia.odio@example.com","109","secret"
"quia78@example.net","5","secret"
"quidem41@example.com","51","secret"
"ratione_ullam@example.net","1","secret"
"repellendus.vel@example.com","98","secret"
"reprehenderit21@example.com","168","secret"
"repudiandae_reiciendis@example.net","89","secret"
"saepe.aut@example.org","179","secret"
"sapiente_sunt@example.com","123","secret"
"sequi.mollitia@example.net","157","secret"
"similique70@example.net","207","secret"
"sint.eveniet@example.org","70","secret"
"sit_et@example.net","21","secret"
"sofficia@example.net","204","secret"
"sunt_dolorem@example.com","191","secret"
"svoluptas@example.org","48","secret"
"tea@example.com","140","secret"
"totam_mollitia@example.org","141","secret"
"ttempora@example.com","58","secret"
"uab@example.net","164","secret"
"ullam.ea@example.org","87","secret"
"ut_sequi@example.net","130","secret"
"ut.officiis@example.net","139","secret"
"utenetur@example.net","100","secret"
"velit.aut@example.org","71","secret"
"voluptas_voluptatem@example.com","202","secret"
"voluptatem30@example.com","10","secret"
"voluptates.laboriosam@example.net","158","secret"
"west@example.com","94","secret"
"xminima@example.com","4","secret"
"xtotam@example.net","170","secret"
"yvoluptatum@example.com","91","secret"
"zcorrupti@example.com","160","secret"
"zdelectus@example.net","81","secret"
